acousticness,danceability,energy,ind,instrumentalness,key,label,liveness,loudness,mode,song_id,song_name,speechiness,tempo,valence
0.156,0.793,0.714,222,0.0,7,1,0.136,-7.562,1,02Ygu8lo3qSknRpcBnspso,Just Friends,0.193,100.036,0.794
0.272,0.783,0.43,47,1.52e-06,11,0,0.254,-9.783,1,03ZFDJXHFi8dDSf2dmBNoR,Footprint,0.283,82.066,0.192
0.755,0.815,0.308,217,0.00104,5,1,0.108,-10.956,1,04Fd2hmbDWV4Lc7OLarvBa,The Best Of Myself,0.0463,79.492,0.572
0.182,0.654,0.739,53,0.0,9,0,0.0646,-5.093,0,04wkQ3rrZMebfFN3t2DS7w,Light of You,0.0826,124.051,0.522
0.0073,0.826,0.79,212,9.9e-06,10,1,0.122,-4.341,1,07s9NNOT0sZQp7TyolLLgu,Own It (feat. Ed Sheeran & Burna Boy),0.126,104.032,0.377
0.205,0.626,0.88,39,0.0,9,1,0.128,-2.384,0,08bNPGLD8AhKpnnERrAc6G,FRIENDS,0.0504,95.079,0.534
0.0865,0.605,0.768,41,0.0,0,1,0.308,-3.724,0,09CtPGIpYB4BrO8qb1RGsF,Sorry,0.0476,100.209,0.414
0.171,0.753,0.657,70,0.0,7,1,0.112,-3.061,1,09IStsImFySgyp0pIQdqAc,The Middle,0.0449,107.01,0.437
0.0735,0.624,0.876,35,0.0,9,1,0.327,-3.374,1,0afhq8XCExXpqazXczTSve,Galway Girl,0.1,99.943,0.781
0.199,0.63,0.928,44,0.124,9,1,0.148,-2.787,0,0azC730Exh71aQlOt9Zj3y,This Is What You Came For,0.0331,123.963,0.465
0.0323,0.731,0.794,100,2.59e-05,0,1,0.112,-5.126,0,0CokSRCu5hZgPxcZBaEzVE,Glorious (feat. Skylar Grey),0.0522,139.994,0.356
0.108,0.795,0.496,150,0.0,0,1,0.0645,-5.883,1,0DiDStADDVh3SvAsoJAFMk,Only Human,0.0722,94.01,0.874
0.336,0.481,0.451,141,0.0,5,1,0.0872,-6.095,0,0ENSn4fwAbCGeFGVUbXEU3,Hello,0.0347,157.966,0.289
0.122,0.358,0.736,105,0.0,4,1,0.158,-6.928,0,0f3guGhyDizp870BWCBQDQ,Old Ways,0.28,83.262,0.586
0.581,0.825,0.652,129,0.0,1,1,0.0931,-3.183,0,0FE9t6xYkqWXU2ahLh6D8X,Shape of You,0.0802,95.977,0.931
0.0589,0.442,0.737,157,0.0,7,1,0.102,-5.046,1,0hGH0S74Eoyv6mXZcOKtdQ,On The Road (feat. Meek Mill & Lil Baby),0.109,112.93,0.21
0.0414,0.472,0.67,206,0.0,9,1,0.16,-7.02,0,0iCrd2lXYkQQSvk8P6spmm,Far Away,0.0358,140.025,0.298
0.824,0.572,0.343,78,0.0,7,0,0.0621,-7.147,1,0kjarPlpe1PpBJskSaEDwT,Circle Game,0.0407,133.04,0.163
0.013,0.853,0.56,32,0.0,1,1,0.0944,-4.961,1,0KKkJNfGyhkQ5aFogxQAPU,That's What I Like,0.0406,134.066,0.86
0.0302,0.695,0.776,69,1.25e-05,10,0,0.131,-3.938,1,0l6lfl4PcrbPmBE08I6zp2,(Hey Why) Miss You Sometime,0.0468,104.042,0.488
0.168,0.537,0.647,55,0.0,2,0,0.108,-7.37,1,0LcNMuOiULmxJK3bdHTfDF,Missing You,0.0519,79.77,0.531
0.0771,0.652,0.713,18,1.02e-05,8,1,0.144,-5.311,1,0lYBSQXN6rCTvUZvg9S0lU,Let Me Love You,0.0368,100.023,0.152
0.000455,0.426,0.888,64,0.0,0,0,0.306,-3.72,0,0M3adYbGtyRHACP86dey1H,Throne,0.0987,144.111,0.387
0.746,0.573,0.385,72,0.0,7,0,0.107,-5.379,0,0mknlibAARXVk3d8pafTUg,90 Days (feat. Wrabel),0.0686,131.804,0.345
0.609,0.589,0.501,120,1.46e-05,2,1,0.321,-7.502,1,0OFknyqxmSQ42SoKxWVTok,Un Poco Loco,0.138,126.848,0.587
0.614,0.611,0.459,28,0.0,0,0,0.126,-3.926,0,0oPOuDmmkVp3h6puekhs6P,Use This Gospel,0.0422,148.28,0.177
0.0622,0.776,0.78,2,0.0,10,1,0.081,-4.374,0,0pqnGHJpmpxLKifKRmU6WP,Believer,0.128,124.949,0.666
0.769,0.368,0.321,77,0.0,3,0,0.135,-5.904,1,0pwdJLLVxlJa1lnR9UeMZY,Love Me Anyway (feat. Chris Stapleton),0.0272,139.001,0.0673
0.0285,0.489,0.588,74,2.11e-06,1,1,0.0906,-6.177,1,0Qh38w01QRXK6KHIv0e3hb,What About Us,0.0507,113.617,0.187
0.0192,0.599,0.887,56,1.21e-06,4,0,0.3,-3.967,1,0rIAC4PXANcKmitJfoqmVm,Motivation,0.0984,170.918,0.881
0.0501,0.9,0.4,151,0.0,0,1,0.0876,-8.443,1,0rTV5WefWd1J3OwIheTzxM,Talk,0.124,136.001,0.338
0.119,0.4,0.795,34,0.0,10,0,0.159,-3.731,0,0Ryd8975WihbObpp5cPW1t,boyfriend (with Social House),0.461,190.097,0.702
0.129,0.72,0.807,64,0.0,11,1,0.183,-4.59,0,0tBbt8CrmxbjRP0pueQkyU,Wolves,0.0432,124.946,0.305
0.163,0.599,0.448,21,0.0,8,1,0.106,-6.312,1,0tgVpDi06FyKpA1z0VMD4v,Perfect,0.0232,95.05,0.168
0.037,0.759,0.54,107,0.0,9,1,0.0945,-6.039,0,0TK2YIli7K1leLovkQiNik,Señorita,0.0287,116.947,0.75
0.0715,0.592,0.873,183,0.00982,9,1,0.142,-5.65,1,0vrmHPfoBadXVr2n0m1aqZ,Heaven,0.0275,122.011,0.516
0.547,0.666,0.489,5,2.13e-06,11,0,0.204,-5.944,0,0W45ni3uikr9z0vPjlBIDw,Playing Games,0.0627,115.555,0.464
9.24e-05,0.475,0.973,10,0.000108,8,0,0.297,-3.684,1,0xgwhUNd8RBPLvjGr3CnU9,Cazador,0.0557,137.827,0.387
0.0605,0.399,0.879,137,0.868,0,1,0.729,-6.156,0,0Yv8KzstdxkSG9IZir4fnm,Beneath Us - Original Mix,0.0343,173.946,0.132
0.128,0.57,0.585,195,9.7e-05,8,1,0.111,-7.041,1,0Z26mbSHJ1dkUu7g9DDgif,Trigger,0.251,97.285,0.378
0.0485,0.76,0.588,79,0.0,9,1,0.0847,-7.082,1,10GJQkjRJcZhGTLagFOC62,Most Girls,0.0775,102.974,0.384
0.00183,0.504,0.896,170,0.0284,10,1,0.134,-6.249,0,16QlvcrfQPyRLfbxcXu0VG,Therapy,0.044,149.936,0.0393
0.84,0.762,0.317,36,6.71e-06,4,0,0.063,-7.707,0,1AAZHc8ZVcfrHhhBnqzlEX,Dreaming of You,0.0362,121.873,0.567
0.576,0.505,0.34,4,0.0,4,0,0.21,-9.005,1,1HfMVBKM75vxSfsQ5VefZ5,Lose You To Love Me,0.0438,101.993,0.0916
0.0687,0.614,0.647,175,0.0,0,1,0.104,-4.681,0,1HimGOB6BjOaCQYMIF1xtU,What Am I,0.0524,163.862,0.368
0.0113,0.806,0.608,139,0.0,1,1,0.635,-7.008,1,1huvTbEYtgltjQRXzrNKGi,Don't,0.0659,95.049,0.849
0.253,0.655,0.672,95,0.0,1,1,0.312,-4.966,1,1HvCFAUIWQsWV9zud3UhDl,All Falls Down (feat. Juliander),0.0581,98.005,0.675
0.428,0.314,0.526,166,0.0,0,1,0.126,-4.686,0,1HYzRuWjmS9LXCkdVHi25K,Stay With Me,0.0484,78.643,0.195
0.56,0.619,0.459,174,0.0,7,1,0.137,-5.782,0,1iQDltZqI7BXnHrFy4Qo1k,Trampoline (with ZAYN),0.0334,126.803,0.498
0.0575,0.302,0.414,108,0.0,2,1,0.0861,-8.16,1,1iWHabUgUuuKLBa0TzTHfk,"A Whole New World (End Title) - From ""Aladdin""",0.0319,110.508,0.105
0.101,0.258,0.437,65,1.27e-06,11,1,0.106,-6.593,0,1j4kHkkpqZRBwE0A4CN4Yv,Dusk Till Dawn - Radio Edit,0.039,180.043,0.0967
0.204,0.766,0.709,72,1.41e-05,9,1,0.126,-6.471,0,1JbR9RDP3ogVNEWFgNXAjh,Look What You Made Me Do,0.123,128.07,0.506
0.00516,0.604,0.931,61,0.0,9,0,0.271,-3.326,1,1jH2IzZ7JnixFoGG6XSnpf,Rollin' (Air Raid Vehicle),0.175,96.249,0.682
0.0575,0.741,0.667,76,0.0,10,1,0.106,-5.445,1,1louJpMmzEicAn7lzDalPW,No Promises (feat. Demi Lovato),0.134,112.956,0.595
0.346,0.778,0.547,57,0.000302,2,1,0.132,-7.273,1,1mKXFLRA179hdOWQBwUk9e,Just Give Me a Reason (feat. Nate Ruess),0.0489,95.002,0.441
0.336,0.624,0.401,219,0.00129,8,1,0.144,-11.793,1,1mnutbOQBQMUBT96qkFSrs,I'll Be There,0.0307,62.633,0.133
0.00103,0.665,0.712,178,0.00342,1,1,0.102,-7.536,1,1mpD5Q8IM32I4bF6eCpU74,Up All Night,0.0527,93.989,0.669
0.652,0.698,0.375,52,0.0,5,1,0.173,-8.279,1,1mXVgsBdtIVeCLJnSnmtdV,Too Good At Goodbyes,0.0491,91.92,0.534
0.15,0.703,0.868,90,0.132,7,1,0.104,-4.661,0,1NDxZ7cFAo481dtYWdrUnR,Pretty Girl - Cheat Codes X CADE Remix,0.0291,121.03,0.733
0.0329,0.671,0.672,89,0.0,0,1,0.118,-3.094,0,1OAh8uOEOvTDqkKFsKksCi,Wild Thoughts (feat. Rihanna & Bryson Tiller),0.0688,97.98,0.632
0.00346,0.723,0.809,63,0.00123,7,1,0.565,-3.081,0,1qE47wUKG2juJwPoLqg4C9,Lean On (feat. MØ & DJ Snake),0.0625,98.007,0.274
0.184,0.765,0.523,14,3.56e-05,2,1,0.132,-4.333,1,1rfofaqEpACxVEHIZBJe6W,Havana (feat. Young Thug),0.03,104.988,0.394
0.334,0.334,0.617,88,0.0,6,1,0.163,-5.834,0,1SJtlNRJDeYHioymcvsqev,Crying in the Club,0.383,85.227,0.603
0.109,0.523,0.865,204,3.95e-05,9,1,0.107,-4.595,0,1uPbBG2kCrxoEbHfKuOOq0,Art of Letting Go,0.0693,128.022,0.15
0.0767,0.573,0.781,85,2.64e-05,8,1,0.0813,-6.406,1,1UZOjK1BwmwWU14Erba9CZ,Malibu,0.0555,139.934,0.343
0.513,0.689,0.516,35,0.0,8,0,0.163,-5.857,1,1VJwtWR6z7SpZRwipI12be,Candy,0.0444,124.876,0.209
0.0204,0.745,0.642,173,0.0,7,1,0.0658,-6.257,0,1xbtojAZsQjOgiGdGX6ChU,Ransom,0.287,179.974,0.226
0.0188,0.743,0.752,24,0.0,4,1,0.287,-4.813,1,1XGmzt0PVuFgQYYnV2It7A,Payphone,0.0414,110.015,0.545
0.0002,0.505,0.979,19,0.00135,0,0,0.334,-1.665,1,1xn6RBUCgZBYyaNRaqeVWP,The Negative One,0.0715,108.2,0.312
0.0948,0.686,0.83,7,1.33e-06,8,0,0.182,-4.437,1,1z1XegUChLLQfcbtIK8ABn,Body Back (feat. Maia Wright),0.0369,123.032,0.486
0.00671,0.605,0.822,22,0.134,0,1,0.147,-4.833,1,1zB4vmk8tFRmM9UULNzbLB,Thunder,0.0438,167.997,0.288
0.00842,0.796,0.61,62,0.00286,1,1,0.351,-5.857,1,1zi7xx7UVEFkmKfv06H8x0,One Dance,0.0516,103.99,0.391
0.0522,0.621,0.601,154,0.0,6,1,0.46,-5.616,0,1ZPWWSwCkxKfqdp4H0RFCo,ROXANNE,0.148,116.735,0.457
0.117,0.866,0.399,160,0.0,7,1,0.0689,-10.938,1,20JtELGPfOAMq7FpUt8eSM,Yellow Hearts,0.0745,129.047,0.713
0.192,0.695,0.762,146,0.00244,0,1,0.0863,-3.497,1,21jGcNKet2qwijlDFuPiPb,Circles,0.0395,120.042,0.553
0.158,0.794,0.647,133,0.0,0,1,0.139,-6.232,1,21xJVN5wEbJogczYxfZhqR,Black Beatles,0.0628,145.945,0.345
0.112,0.705,0.769,53,0.0,9,1,0.105,-5.526,0,22VdIZQfgXJea34mQxlt81,Can't Feel My Face,0.0426,107.939,0.59
0.154,0.671,0.583,43,0.0,4,0,0.24,-6.551,0,24KD18eYQQQWaSW9Von1vA,Real Thing,0.0737,125.916,0.43
0.234,0.534,0.613,73,0.0,8,1,0.227,-7.41,0,265zv3IDBskSIkvgPOSiGQ,2U (feat. Justin Bieber),0.0591,144.878,0.528
0.0472,0.628,0.698,15,0.00143,6,1,0.0907,-5.608,0,27SdWb2rFzO6GWiYDBTD9j,Cheap Thrills,0.105,89.976,0.732
0.288,0.584,0.643,180,0.0,2,1,0.186,-6.415,1,2a3dopgTF1q4rMVDJ1rwBU,Push My Luck,0.0395,90.036,0.53
0.285,0.509,0.479,102,0.0175,11,1,0.167,-6.601,1,2AoWWiMelowkStJoqPMDed,cold/mess,0.0262,145.967,0.299
0.837,0.764,0.32,148,0.0,11,1,0.0822,-7.209,1,2b8fOow8UzyDFAE27YhOZM,Memories,0.0546,91.019,0.575
0.115,0.725,0.806,52,0.0,0,0,0.0951,-5.501,1,2bS9K5e7yfggeBtDaJ4x9C,More Of My Life,0.0442,140.058,0.531
0.0139,0.726,0.431,77,0.0,0,1,0.054,-6.666,1,2cOUlop2ZakjOKe4WinesN,Slow Hands,0.0554,85.889,0.86
0.191,0.687,0.792,83,0.0,5,1,0.167,-2.749,1,2dpaYNEQHiRxtZbfNsse99,Happier,0.0452,100.015,0.671
0.00264,0.732,0.75,27,0.0,11,0,0.109,-6.366,0,2eMwDehkIC1j68U6FA3Eiq,XO TOUR Llif3,0.231,155.096,0.401
0.316,0.788,0.742,127,0.0,7,1,0.492,-6.36,1,2fVBseAxen6nazblF5aauJ,Shottin,0.291,90.03,0.656
0.328,0.701,0.425,1,0.13,7,0,0.1,-10.965,1,2Fxmhks0bxGSBdJ92vM42m,bad guy,0.375,135.128,0.562
0.189,0.965,0.414,80,0.0,1,1,0.0767,-6.408,1,2fZQIJew3nkNe99s2PKzul,Bad Liar,0.0713,121.032,0.728
0.0608,0.876,0.662,161,0.0,2,1,0.127,-6.482,0,2gwkD6igEhQbDQegRCcdoB,Suge,0.426,75.445,0.844
0.383,0.717,0.73,3,0.0,9,1,0.398,-4.729,0,2hrUO4drrO63i7FYbCLBl2,Rockabye (feat. Sean Paul & Anne-Marie),0.0568,102.002,0.792
0.385,0.509,0.538,12,0.0,7,1,0.104,-7.335,1,2jyjhRf6DVbMPU5zxagN2h,Let Her Go,0.0572,75.089,0.244
0.369,0.689,0.481,19,1.03e-06,10,1,0.0649,-7.503,1,2JzZzZUQj3Qff7wapcbKjc,See You Again (feat. Charlie Puth),0.0815,80.025,0.283
0.109,0.73,0.703,61,0.0,0,1,0.0657,-5.672,0,2K87XMYnUMqLcX3zvtAF4G,Drag Me Down,0.0369,138.113,0.595
0.866,0.464,0.473,179,0.0,1,1,0.109,-10.086,1,2kJwzbxV2ppxnQoYw4GLBZ,If The World Was Ending (feat. Julia Michaels),0.129,75.801,0.604
0.088,0.931,0.387,109,0.0,1,1,0.136,-9.127,1,2l8nEO0vsTRCRnGqQty6qx,FEFE,0.412,125.978,0.376
0.444,0.843,0.6,221,0.0,0,1,0.101,-6.095,1,2Lxae4E83hZdR55WTH0OQC,Memories (Drinks Bring Back),0.14,121.24,0.585
0.0147,0.688,0.836,76,0.0,8,0,0.102,-3.464,1,2MGm3sknsqRwDwQVUGSJZo,We Could Have It All,0.0474,130.026,0.699
0.00252,0.576,0.989,22,0.0032,2,0,0.0243,-1.909,1,2MvIMgtWyK88OiPi0J8Dg3,Psychosocial,0.112,135.093,0.352
0.0519,0.652,0.453,70,0.0,1,0,0.179,-6.119,1,2N9bw4i7YitdN2LDDhMmpe,Walk Me Home,0.0445,88.038,0.432
8.44e-05,0.564,0.981,66,0.0,4,0,0.141,-3.769,1,2ocsBG8GVjITjFCbgZeqXW,You,0.135,135.996,0.427
0.535,0.752,0.505,93,2.55e-06,9,1,0.104,-7.621,1,2P91MQbaiQOfbiz9VqhqKQ,I Like Me Better,0.253,91.97,0.419
0.04,0.699,0.713,84,3.11e-06,9,1,0.294,-5.507,0,2qT1uLXPVPzGgFOx4jtEuo,no tears left to cry,0.0594,121.993,0.354
0.0573,0.622,0.712,103,0.0,5,1,0.13,-7.321,1,2QZ7WLBE8h2y1Y5Fb8RYbH,In My Blood,0.066,140.025,0.487
0.0736,0.608,0.798,49,0.0,6,1,0.156,-5.092,0,2qzISfdoGJa0AHXqgyJhw7,Cold Water (feat. Justin Bieber & MØ),0.0432,92.943,0.501
0.536,0.522,0.385,116,0.0,0,1,0.135,-7.355,1,2RttW7RAu5nOAfq6YFvApB,Happier,0.0288,89.792,0.236
0.323,0.608,0.827,205,0.000615,11,1,0.119,-2.811,1,2RWUGm0xiYsQBPAVknf52Y,Show Me,0.0364,89.98,0.178
0.0697,0.432,0.696,207,0.0,8,1,0.0617,-5.686,1,2rzWSWPzZZGSx6Wzj4ZJKO,NYC,0.109,71.556,0.571
0.0671,0.41,0.886,15,0.0,9,0,0.461,-4.413,0,2SasoXZyv82yYgHiVOvxQn,On God,0.155,72.577,0.393
0.0654,0.664,0.705,6,0.0,1,1,0.118,-4.972,0,2tpWsVSb9UEmDRxAl1zhX1,Counting Stars,0.0382,122.016,0.477
0.371,0.572,0.385,122,0.0,7,1,0.231,-6.362,1,2VxeLyX666F8uXCJ0dZF8B,Shallow,0.0308,95.799,0.323
0.153,0.654,0.63,2,0.0,10,0,0.111,-4.644,1,2wrJq5XKLnmhRXHIAf9xBa,"10,000 Hours (with Justin Bieber)",0.0259,89.991,0.43
0.0533,0.878,0.619,209,0.0,6,1,0.113,-5.56,1,2YpeDb67231RjR0MgVLzsG,Old Town Road - Remix,0.102,136.041,0.639
0.157,0.358,0.643,214,0.0,5,1,0.0898,-8.034,0,2zJms5D9VSUYjc9y3VJR3q,Flames (with ZAYN),0.081,152.085,0.441
0.357,0.574,0.612,198,0.0,0,1,0.158,-4.741,1,2zoNNEAyPK2OGDfajardlY,Rushing Back,0.0781,136.046,0.368
0.213,0.82,0.69,40,0.0,3,0,0.092,-5.832,1,31TVmINcKi4UDLnhtIqXM9,Price on My Head,0.0614,142.074,0.641
0.482,0.806,0.558,181,0.0,9,1,0.0618,-6.46,1,322tcqPhma7F6hfCeLisx0,"fuck, i'm lonely (with Anne-Marie) - from “13 Reasons Why: Season 3”",0.0683,95.016,0.678
0.00801,0.856,0.609,54,8.15e-05,0,1,0.0344,-7.223,1,32OlwWuMpZ6b0aN2RZOeMS,Uptown Funk,0.0824,114.988,0.928
0.0958,0.819,0.664,49,1.75e-06,7,0,0.263,-5.612,1,349Wc5mDu52d4Uv8Eg9WZv,Indigo,0.0828,144.988,0.71
0.0792,0.697,0.506,99,0.0,8,1,0.0893,-4.863,1,34oB5r0lcN3fYWCs2uA1k5,The Cure,0.0325,100.002,0.516
0.145,0.547,0.795,29,0.0,8,0,0.11,-3.721,1,35MKhw2YBKApmD7fAnPERC,Faith (with Dolly Parton) [feat. Mr. Probz],0.0489,118.118,0.723
0.562,0.488,0.311,33,0.000548,10,0,0.161,-11.467,0,3707IBa4HnS3zDDoWfeUBl,I Warned Myself,0.297,184.112,0.579
0.215,0.63,0.804,112,0.0,6,1,0.253,-4.183,1,3a1lNhkSLSkpJE4MSHpDu9,Congratulations,0.0363,123.146,0.492
0.219,0.548,0.65,110,0.0,8,1,0.225,-5.827,0,3A7qX2QjDlPnazUsRk5y0M,2U (feat. Justin Bieber),0.0591,144.937,0.557
0.00113,0.245,0.845,8,1.31e-05,11,0,0.225,-8.307,0,3ACU4Frw3Ditx6gPKRfiMw,Cráneo Candente,0.0731,158.525,0.373
0.0462,0.734,0.637,42,2.29e-05,4,1,0.0602,-5.677,0,3CRDbSIZ4r5MsZ0YwxuEkn,Stressed Out,0.141,169.977,0.648
0.0895,0.584,0.54,68,0.0,1,1,0.261,-7.786,0,3ebXMykcMXOcLeJ9xZ17XH,Scared to Be Lonely,0.0576,137.972,0.195
0.0546,0.598,0.427,147,5.83e-06,7,1,0.21,-8.764,0,3eekarcy7kvN4yt5ZFzltW,HIGHEST IN THE ROOM,0.0317,76.469,0.0605
0.119,0.64,0.533,27,0.0,0,1,0.0864,-6.596,1,3eR23VReFzcdmS7TYCrhCe,It Ain't Me (with Selena Gomez),0.0706,99.968,0.515
0.00134,0.676,0.869,16,6.77e-05,1,0,0.0692,-4.689,0,3Ex5RFJRUdpHcDOLXJOVLy,Raising Hell (feat. Big Freedia),0.132,114.991,0.271
0.000148,0.508,0.573,134,0.919,9,1,0.159,-7.108,1,3Gaj5GBeZ8aynvtPkxrr9A,Paradise,0.0399,128.1,0.0566
0.00174,0.407,0.98,18,0.000112,7,0,0.119,-1.58,1,3GDjlC95Tiex7BeJHMwMit,Custer,0.107,131.066,0.537
0.0407,0.746,0.45,177,0.0,7,1,0.172,-8.543,1,3GRSqlALWISqLeNncZMbpX,Mean It,0.0872,95.998,0.336
0.835,0.609,0.378,135,0.0,4,1,0.28,-9.828,1,3hB5DgAiMAQ4DzYbsMq1IT,Love Yourself,0.438,100.418,0.515
0.0912,0.798,0.675,117,0.0,6,1,0.0894,-5.041,1,3HVWdVOQ0ZA45FuZGSfvns,I Don't Care (with Justin Bieber),0.0442,101.956,0.842
0.433,0.448,0.603,176,0.0,7,1,0.0862,-7.176,1,3i9UVldZOE0aD0JnyfAZZ0,Lover (Remix) [feat. Shawn Mendes],0.064,205.272,0.422
0.556,0.76,0.479,118,0.0,2,1,0.0703,-5.574,1,3KkXRkHbMCARz0aVfEt68P,Sunflower - Spider-Man: Into the Spider-Verse,0.0466,89.911,0.913
0.667,0.705,0.363,208,0.0,6,1,0.112,-8.327,1,3ksmU0DaEUMEVzx5V6cc3z,One Man Band,0.0355,75.98,0.482
0.00976,0.62,0.643,20,0.0231,7,0,0.15,-5.808,1,3LuUlmeA5IhF80ysZsO9ri,If Rain Is What You Want,0.0348,124.974,0.108
0.0184,0.839,0.705,97,1.77e-05,5,1,0.102,-5.194,0,3OtMnyUaiipcAT23A8liyi,Swish Swish,0.0445,119.954,0.575
0.159,0.51,0.58,211,0.000131,1,1,0.075,-8.189,1,3OXjT67T0GiQk2IcVbsmgE,Kids Are Alright,0.356,191.523,0.292
0.39,0.73,0.861,58,0.0,1,1,0.213,-4.1,1,3P3pw6C19j31Rnzgo3JG7o,Perfect Strangers,0.0451,117.965,0.704
0.106,0.444,0.819,5,0.0,10,1,0.107,-4.078,0,3QGsuHI8jO1Rx4JWLUh9jd,Treat You Better,0.341,82.695,0.747
1.36e-05,0.495,0.942,59,0.0465,6,0,0.111,-3.999,1,3SAFToMT0ppHYNuf1gsuwi,Become the Enemy,0.0555,102.014,0.18
0.58,0.739,0.559,113,0.0,8,1,0.112,-8.011,1,3swc6WTsr7rl9DqQKQA55C,Psycho (feat. Ty Dolla $ign),0.117,140.124,0.439
0.523,0.673,0.47,167,0.0224,2,1,0.121,-8.138,1,3tYI3GE47dvrqCvmrh1KYQ,Myself,0.0289,119.996,0.257
0.922,0.422,0.264,4,0.0,8,1,0.132,-7.064,1,3U4isOIWM3VvDubwSI3y7a,All of Me,0.0322,119.93,0.331
0.22,0.789,0.858,201,4.58e-05,5,1,0.335,-4.388,1,3vQhEd4lOg4mAV6CHCgoHW,South of the Border (feat. Camila Cabello & Cardi B) - Sam Feldt Remix,0.0404,110.012,0.491
0.000534,0.463,0.78,14,0.0,11,0,0.106,-4.241,1,3w16kxHfUpH6HoxSlIFnPo,Bajo la Cruz,0.0355,125.094,0.391
0.0312,0.645,0.803,218,0.0,6,1,0.13,-4.819,1,3wuR0YSNdT9rgWfFi1lctv,Million Ways,0.034,106.03,0.471
0.00718,0.772,0.847,158,0.0,10,1,0.156,-3.789,0,3xB5uHrhe0uaIxNGf3JwZA,I Wanna Rock (feat. Gunna),0.0929,100.013,0.704
0.256,0.682,0.919,3,0.0,0,0,0.442,-3.18,0,3Yh9lZcWyKrK9GjbhuS0hR,Good as Hell,0.0875,95.982,0.535
0.000883,0.338,0.977,9,5.03e-05,4,0,0.318,-3.756,0,3YWdY7j8prt5v73LaDTnMW,Destruccion,0.239,144.861,0.249
0.247,0.262,0.606,30,0.0,8,1,0.125,-6.646,1,3zHq9ouUJQFQRf3cm1rRLu,"Love Me Like You Do - From ""Fifty Shades Of Grey""",0.0484,189.857,0.275
0.0152,0.746,0.754,16,0.0,1,1,0.0486,-6.681,1,3zkWCteF82vJwv0hRLba76,Stitches,0.067,149.882,0.764
0.0549,0.778,0.549,130,0.0,1,1,0.0724,-6.144,1,3zSCNTXI7Ed0PiidZVmzIe,Ignition - Remix,0.0473,133.041,0.802
0.063,0.884,0.765,142,7.04e-06,8,1,0.118,-3.865,1,41Fflg7qHiVOD6dEPvsCzO,Worth It,0.0882,99.987,0.594
0.00218,0.573,0.929,63,0.0723,11,0,0.718,-5.996,1,47Wf9dKEHGptcL1lyQIsZk,Nookie,0.082,97.57,0.284
0.172,0.787,0.443,41,0.0,3,0,0.278,-6.709,0,48IZ6I5KgIrKL8rATErZvB,Look Away,0.0291,106.535,0.63
0.492,0.657,0.499,223,0.0,11,1,0.336,-7.785,1,4AoFhbd4nql7W5RFDjTj3O,In My Head,0.0351,92.008,0.348
0.351,0.643,0.663,124,0.0,0,1,0.127,-8.237,1,4BWBbJ9MKpnt30SFYEomzJ,Lighters,0.265,90.079,0.181
0.0527,0.613,0.764,92,0.0,2,1,0.197,-6.509,1,4CdVzZTnf7JElTDw0kyUiN,...Ready For It?,0.136,160.015,0.417
0.286,0.784,0.845,39,1.59e-05,3,0,0.074,-2.793,1,4D7ERaKgv8NAeck8RzUtRz,Younger,0.0596,105.981,0.888
0.124,0.64,0.648,149,0.0,5,1,0.0802,-8.113,0,4evmHXcjt3bTUHD1cvny97,Beautiful People (feat. Khalid),0.187,92.977,0.548
0.181,0.637,0.713,81,0.000637,0,1,0.137,-4.333,1,4eWQlBRaTjPPUlzacqEeoQ,Never Be the Same,0.0747,129.923,0.243
0.062,0.738,0.717,31,0.0,1,0,0.205,-5.121,1,4fwo6czG5nvOQMzhOto1ya,Lonely (with Jonas Brothers),0.0573,98.047,0.5
0.00968,0.513,0.788,196,0.0,0,1,0.11,-4.629,1,4Gcv5SsxnQWpmOnUI19EJk,All You Need To Know (feat. Calle Lehmann),0.0364,139.987,0.234
0.00346,0.518,0.784,51,0.00187,2,1,0.171,-5.659,1,4h8VwCb1MTGoLKueQ1WgbD,Wake Me Up,0.0524,124.102,0.588
0.000319,0.649,0.896,23,1.19e-05,10,0,0.102,-2.704,0,4ImIJRZNJhNQLLdUFSYJoS,Down with the Sickness,0.056,90.009,0.924
0.00813,0.741,0.87,199,0.0,6,1,0.114,-3.494,0,4IO8X9W69dIQe0EC5ALXhq,Immortal,0.503,184.194,0.663
0.95,0.505,0.296,111,0.862,0,1,0.116,-14.106,1,4JEAuL1vzWlnb6bx3HLlO1,The Circus Of Machines I (Overture),0.0353,129.972,0.287
0.0198,0.707,0.611,98,3.59e-06,2,1,0.0651,-4.474,1,4lnAN2S1fcI0SjxEbksZVr,Fetish (feat. Gucci Mane),0.0639,123.006,0.285
1.2e-05,0.407,0.983,26,0.209,11,0,0.314,-2.165,1,4MtitTdGu0ldNjytXNFV64,Darkness Within,0.109,100.981,0.164
0.0199,0.611,0.7,131,0.0,9,1,0.0549,-5.331,1,4OZEu0Vwq0RB2LAq14v99n,Middle,0.0436,104.981,0.213
0.0784,0.476,0.718,189,1.02e-05,8,1,0.122,-5.309,1,4pdPtRcBmOSQDlJ3Fk945m,Let Me Love You,0.0576,199.864,0.142
0.241,0.79,0.746,220,0.0,9,1,0.316,-5.96,1,4raMIjIjMc8JohHth7l9lG,Bruises - Steve Void Remix,0.0502,124.971,0.538
0.22,0.874,0.497,69,0.0,6,1,0.0761,-5.484,1,4Ro98RCK90oHqqSZUnTFq5,Strip That Down,0.0562,106.023,0.542
0.0849,0.787,0.713,159,0.0,7,1,0.717,-5.252,1,4sWuPniHClkInYAnzXAYUF,Camelot,0.401,175.041,0.762
0.103,0.803,0.585,48,3.94e-06,8,1,0.0644,-5.861,1,4tCtwWceOPWzenK2HAIJSb,Work from Home (feat. Ty Dolla $ign),0.0432,105.017,0.593
0.0197,0.399,0.787,25,6.07e-05,1,1,0.0685,-2.88,1,4VrWlk8IQxevMvERoX08iC,Chandelier,0.0499,117.089,0.572
0.0127,0.432,0.884,62,0.000527,8,0,0.166,-6.659,1,4WJNMSihHL8e4hs9SkBq9C,Break Stuff,0.13,108.948,0.624
0.0427,0.842,0.734,152,0.0,1,1,0.106,-5.065,0,4y3OI86AEP6PQoDE6olYhO,Sucker,0.0588,137.958,0.952
0.114,0.563,0.564,30,0.0254,10,0,0.304,-7.906,0,4yI3HpbSFSgFZtJP2kDe5m,Look At Her Now,0.271,154.355,0.55
0.000393,0.527,0.947,57,0.00372,4,0,0.075,-4.205,0,4YxAepVe35M0oltrOu8d6Z,BENZIN,0.0574,142.008,0.206
0.856,0.607,0.376,7,0.0,4,1,0.285,-9.954,1,50kpGaPAhYJ3sGmk6vplg0,Love Yourself,0.453,102.541,0.545
0.482,0.822,0.529,184,0.0,0,1,0.114,-6.383,1,59ivOf4nYo8aCrlZ2rXTme,Outside,0.079,103.015,0.771
0.165,0.681,0.594,132,3.49e-06,7,1,0.134,-7.028,1,5aAx2yezTd8zXrkmtKl66Z,Starboy,0.282,186.054,0.535
0.000389,0.576,0.785,25,0.0109,10,0,0.103,-4.873,1,5amxqpWUfwCPUOPgDnElO5,A Different World (feat. Corey Taylor),0.0355,105.118,0.406
0.0642,0.893,0.745,71,0.0,11,1,0.0943,-3.105,0,5bcTCxgc7xVfSaMV3RuVke,"Feels (feat. Pharrell Williams, Katy Perry & Big Sean)",0.0571,101.018,0.872
0.00169,0.657,0.96,67,0.000997,5,0,0.109,-3.524,0,5bU4KX47KqtDKKaLM4QCzh,Die MF Die,0.07,126.02,0.567
0.109,0.775,0.613,8,2.33e-05,3,1,0.134,-4.586,0,5cF0dROlMOK5uNZtivgu50,Attention,0.0542,100.066,0.797
6.2e-05,0.526,0.96,13,2.59e-05,1,0,0.182,-4.877,1,5CK7ifWXLxF6ntrpyUHTND,Redes,0.0674,133.985,0.586
0.214,0.692,0.443,163,0.0,1,1,0.06,-5.671,1,5FNS5Vj69AhRGJWjhrAd01,Slow Dance,0.0386,127.899,0.363
0.0337,0.663,0.708,86,0.0,8,1,0.0841,-4.154,1,5Gu0PDLN4YJeW75PpBSg9p,"Let Me Go (with Alesso, Florida Georgia Line & watt)",0.0473,103.073,0.742
0.15,0.472,0.366,138,0.308,11,1,0.0837,-12.595,0,5HNCy40Ni5BZJFw1TKzRsC,Comfortably Numb,0.0286,127.167,0.171
0.274,0.676,0.684,32,1.38e-06,6,0,0.198,-5.724,0,5IXViMxu8GgaphOfdH206i,Sight,0.195,103.988,0.474
0.0776,0.88,0.62,202,0.0,0,1,0.0873,-6.973,0,5JKdJROIbEof5fBOnKlBVM,Rambo,0.0748,106.052,0.749
0.0388,0.72,0.644,156,0.0,8,1,0.194,-8.099,0,5MVdzbNmCVf9cWbkqFakkr,Big Stepper,0.341,77.673,0.611
0.588,0.418,0.42,38,6.39e-05,0,1,0.11,-6.444,1,5Nm9ERjJZ5oyfXZTECKmRt,Stay With Me,0.0414,84.094,0.184
0.0046,0.672,0.752,182,0.00047,4,1,0.056,-4.866,1,5o8lxcSYAj8uXTiIHoyyA9,Castles,0.0843,116.945,0.429
0.0275,0.516,0.595,82,0.0,5,1,0.109,-4.63,1,5Ohxk2dO5COHF1krpoPigN,Sign of the Times,0.0313,119.972,0.222
0.297,0.752,0.488,29,9.11e-06,6,1,0.0936,-7.05,1,5p7ujcrUXASCNwRaWNHR1C,Without Me,0.0705,136.041,0.533
0.0393,0.721,0.944,193,5.86e-05,7,1,0.0747,-4.995,1,5PatlLJYn8gWxnQnepzMjW,"Twist (From ""Love Aaj Kal"")",0.142,109.014,0.728
0.0233,0.671,0.829,188,1.93e-05,11,1,0.18,-6.849,0,5pgzFZFM60GvbnbBwvq98p,T5,0.249,118.044,0.3
0.638,0.641,0.176,144,5.14e-06,6,1,0.252,-11.692,1,5pY3ovFxbvAg7reGZjJQSp,I See Fire,0.0349,76.031,0.297
0.194,0.77,0.882,51,0.0,8,0,0.316,-4.792,1,5PYQUBXc7NYeI1obMKSJK0,Never Really Over,0.0602,99.991,0.385
0.11,0.715,0.624,0,0.0,4,0,0.123,-3.046,0,5qmq61DAAOUaW8AUo8xKhh,Truth Hurts,0.114,158.087,0.412
0.101,0.831,0.502,153,0.0,10,1,0.122,-4.045,0,5ry2OE6R2zPQFDO85XkgRb,Money In The Grave (Drake ft. Rick Ross),0.046,100.541,0.101
0.697,0.53,0.346,121,1.07e-05,8,1,0.105,-10.497,1,5rYipCuUMXmKr5XM3eDC1r,Tenerife Sea,0.0376,121.876,0.359
0.695,0.358,0.557,36,0.0,10,1,0.0902,-7.398,1,5uCax9HTNlzGybIStD3vDh,Say You Won't Let Go,0.059,85.043,0.494
0.545,0.76,0.541,42,0.0,9,0,0.0937,-6.079,1,5UKosim5C7WJ6sUoFDucBC,I Fucking Love You,0.0395,104.939,0.683
0.00153,0.511,0.913,74,0.0,0,0,0.111,-4.657,1,5v0YtR9YIeAf0NoG0V1982,Courage,0.109,92.05,0.338
0.525,0.829,0.582,155,0.0,7,1,0.0759,-5.721,0,5xjei7JnROsAzLY2a7RdZU,Shots,0.0415,108.028,0.51
0.0488,0.62,0.64,46,0.0,4,0,0.0647,-5.285,1,5Xq7KPZSONkhHx6DFTAbTz,All My Friends,0.0334,90.032,0.445
0.0856,0.72,0.864,216,0.0,0,1,0.16,-3.249,1,5YkmS18BehACOhIIeUqe6l,I Miss Myself (with HRVY),0.208,96.048,0.659
0.000478,0.315,0.951,60,0.00363,8,0,0.144,-3.609,1,5yS3exqqEIBWEvha3nEDdl,Chaos,0.087,197.954,0.211
0.102,0.427,0.647,104,2.13e-06,6,1,0.133,-8.944,0,5ZEQjTroORCu6uWvZrdeNc,My Life Is Going On - Música Original De La Serie De TV La Casa De Papel / Money Heist,0.0353,99.753,0.298
0.0629,0.574,0.838,128,0.00014,1,1,0.76,-5.196,1,63FK6xdiobHpZIwAd07dEK,Zayn Malik,0.335,179.982,0.129
0.041,0.432,0.781,143,4.21e-06,4,1,0.0789,-4.038,0,66hayvUbTotekKU3H4ta1f,Where Are Ü Now (with Justin Bieber),0.0567,139.432,0.197
0.197,0.524,0.806,73,0.0,1,0,0.101,-3.447,0,68t9p1qXaslaaxk4xhTd4m,Can We Pretend (feat. Cash Cash),0.406,115.172,0.45
0.0281,0.468,0.627,11,7.97e-06,6,1,0.11,-5.085,1,698ItKASDavgwZ3WjaWjtz,Faded,0.0476,179.642,0.159
0.153,0.477,0.682,162,0.0,1,1,0.0763,-4.931,0,6b2RcmUt1g9N9mQ3CbjX2Y,How Do You Sleep?,0.0925,110.567,0.345
0.034,0.818,0.803,46,0.0,1,1,0.153,-4.282,1,6b8Be6ljOzmkOmFslEb23P,24K Magic,0.0797,106.97,0.632
0.0802,0.716,0.794,68,0.0,9,0,0.0859,-5.138,0,6BVmygBQhe4pTZQgKkzstD,Hustle,0.326,96.751,0.542
0.0558,0.716,0.821,59,0.0,5,1,0.0844,-3.435,0,6cpk00i5TxCqSeqNi2HuIe,One More Night,0.0314,92.997,0.618
0.000599,0.537,0.964,65,1.14e-05,9,0,0.0564,-4.157,1,6efSwlK3LOlWOeKK9xlUKF,Jekyll and Hyde,0.113,155.017,0.712
0.162,0.677,0.714,197,0.0,11,1,0.0717,-5.637,1,6G0FACzGN80Dj2v4ass5rq,gone girl,0.0287,94.956,0.355
0.155,0.553,0.871,187,0.0,9,1,0.409,-5.162,1,6GZeLGQrcw68odXY2P5pDu,Aaja,0.246,166.154,0.721
0.16,0.582,0.757,171,0.0,0,1,0.187,-3.965,1,6hciDCyJDYCsYQp2lH6kdA,Need Your Love (with Noah Kahan),0.0399,104.105,0.516
0.164,0.668,0.534,38,0.0,1,0,0.1,-6.586,1,6hLkeOMrhZ2CMLBp2of576,Wanted,0.0677,145.816,0.711
0.0841,0.732,0.396,56,3.58e-05,4,1,0.105,-9.348,0,6i0V12jOa3mr6uu4WYhUBr,Heathens,0.0286,90.024,0.548
0.798,0.699,0.282,123,1.23e-06,7,1,0.0981,-7.65,1,6jMbPsH6lTOLs5n8Af26AG,Maybe It's Time,0.0374,79.776,0.359
0.0123,0.667,0.83,43,0.0,0,1,0.191,-5.715,1,6JV2JOEocMgcZxYSZelKcc,"CAN'T STOP THE FEELING! (Original Song from DreamWorks Animation's ""TROLLS"")",0.0749,113.03,0.701
0.075,0.696,0.817,60,0.0,1,1,0.187,-3.862,1,6kex4EBAj0WHXDKZMEJaaF,Swalla (feat. Nicki Minaj & Ty Dolla $ign),0.109,98.064,0.782
0.108,0.657,0.768,50,0.0,8,0,0.144,-4.628,1,6kls8cSlUyHW2BUOkDJIZE,Hate Me (with Juice WRLD),0.0507,75.025,0.759
0.0421,0.571,0.763,210,0.0,9,1,0.394,-6.66,1,6KQxGfOdjHMh5wT15t0gJj,All Into Nothing,0.0491,99.953,0.211
0.524,0.692,0.809,168,0.0,2,1,0.147,-4.198,1,6LsAAHotRLMOHfCsSfYCsz,If I Can't Have You,0.0602,123.911,0.864
0.163,0.833,0.539,114,2.1e-06,11,1,0.101,-7.399,0,6MWtB6iiXyIwun0YzU6DFP,Wow.,0.178,99.947,0.385
0.138,0.677,0.688,213,0.0,0,1,0.114,-4.058,0,6MxMqCgqmekcr0VwSU7AVH,Time,0.0633,98.049,0.198
0.0391,0.552,0.831,136,2.93e-06,8,1,0.0632,-5.217,1,6NdkzOSCLzmyV9Qc4DKhJ2,This Is What It Feels Like,0.0298,129.889,0.144
0.194,0.513,0.493,192,0.908,0,1,0.0748,-11.49,1,6nNWB2fwEbJHy7y587GV2M,The Skylab Plan,0.0345,90.005,0.191
0.0355,0.65,0.709,71,4.83e-06,7,0,0.137,-7.146,1,6nRMtv1fSqT16RqxM4Xh8H,My Attic,0.124,103.966,0.164
0.0157,0.624,0.654,45,8.01e-05,7,0,0.333,-5.795,0,6P7s2nXPRFpZR9wNekvrPm,Don't Walk Alone,0.0431,74.98,0.208
0.0232,0.461,0.834,50,1.14e-05,2,1,0.14,-4.868,1,6PCUP3dWmTjcTtXY02oFdT,Castle on the Hill,0.0989,135.007,0.471
0.00662,0.673,0.61,54,0.0,1,0,0.0572,-4.73,0,6PFyGdWw0qnstR8KJAWrrr,Afterlife,0.0356,122.063,0.343
0.0018,0.653,0.863,94,0.0,2,1,0.0406,-4.799,1,6Pgkp4qUoTmJIPn7ReaGxL,Without You (feat. Sandro Cavazza),0.0457,134.004,0.276
0.0417,0.801,0.795,96,0.000113,1,1,0.0717,-5.115,0,6QgjcU0zLnzq5OrUoSZ3OK,Feel It Still,0.0504,79.028,0.754
0.45,0.741,0.52,125,1.97e-06,8,1,0.222,-7.513,1,6Qs4SXO9dwPj5GKvVOv8Ki,Dancing With A Stranger (with Normani),0.0656,102.998,0.347
0.000138,0.542,0.991,21,0.000721,11,0,0.109,-3.244,0,6qvZ3Oxor2qlDsYpXkE8Lg,The Burden,0.0738,115.037,0.0523
8.51e-05,0.404,0.969,24,0.0114,8,0,0.268,-2.938,1,6RJdYpFQwLyNfDc5FbjkgV,Stricken,0.195,173.878,0.29
0.228,0.653,0.816,186,0.0,2,1,0.0967,-4.353,1,6rPO02ozF3bM7NnOV4h6s2,Despacito - Remix,0.167,178.086,0.816
0.0423,0.774,0.756,17,0.0,1,1,0.305,-4.995,1,6RtPijgfPKROxEzTHNRiDp,Rude,0.0389,144.032,0.931
0.0498,0.617,0.635,20,1.44e-05,11,1,0.164,-6.769,0,6RUKPb4LETWmmr3iAEQktW,Something Just Like This,0.0317,103.019,0.446
0.784,0.789,0.49,48,0.000598,2,0,0.112,-6.588,1,6TGoYBjxwsLgIzaw9lhfMG,Throwaway,0.0392,140.034,0.869
1.23e-05,0.233,0.958,11,0.0396,9,0,0.075,-5.533,0,6twwy6oNALPOC8KPjjMKuU,Tempestades,0.11,144.949,0.333
0.0392,0.759,0.548,28,0.0,9,1,0.0828,-6.049,0,6v3KW9xbzN5yKLt9YKDYA2,Señorita,0.029,116.967,0.749
0.212,0.52,0.403,17,0.000528,4,0,0.139,-13.17,0,6VCeEqyExn5hfV1dBsGDIm,Fave Thing,0.274,169.471,0.233
7.88e-05,0.412,0.775,58,0.137,9,0,0.32,-5.457,1,6WLUR21lOUku7ult8fmlo6,ZERSTÖREN,0.0417,165.921,0.123
0.211,0.845,0.561,34,3.49e-06,1,1,0.0383,-5.253,0,6wmAHw1szh5RCKSRjiXhPe,How Long,0.0778,109.974,0.811
0.0125,0.794,0.793,194,0.0,11,1,0.0952,-4.521,0,6WrI0LAC5M1Rw2MnX2ZvEg,Don't Start Now,0.0842,123.941,0.677
0.605,0.251,0.0575,190,0.922,9,1,0.098,-16.985,0,6WVRhBxRMW9fn6sRkt2gWn,Mountains,0.0293,95.947,0.0371
0.019,0.659,0.502,75,0.0,11,0,0.0641,-6.948,1,6xG7t7blddozpBf3S5we1O,Happy,0.0521,135.938,0.291
0.0631,0.735,0.451,13,1.3e-05,0,1,0.325,-8.374,1,6yIdwnpDHufLWgQcveTPMk,I Don’t Wanna Live Forever (Fifty Shades Darker),0.0585,117.973,0.0862
0.155,0.221,0.0879,191,0.698,7,1,0.0869,-16.996,1,6ZFbXIJkuI1dVNWvzJzown,Time,0.0381,126.622,0.0401
0.198,0.404,0.806,203,0.0,2,1,0.114,-4.75,1,70YPzqSEwJvAIQ6nMs1cjY,In Your Arms (with X Ambassadors),0.0496,148.036,0.112
0.239,0.715,0.605,33,1.41e-05,0,1,0.189,-5.128,0,72gv4zhNvRVdQA0eOenCal,Symphony (feat. Zara Larsson),0.0428,122.956,0.454
0.0215,0.653,0.658,37,1.66e-06,2,1,0.0939,-6.428,1,72jbDTw1piOOj770jWNeaG,Paris,0.0304,99.99,0.219
0.363,0.63,0.671,164,0.0,6,1,0.113,-6.659,0,735RSTb2xbtWbDtKD9XDYi,Somebody,0.256,89.921,0.333
0.727,0.56,0.442,9,1.71e-05,5,1,0.11,-7.224,1,75JFxkI2RXiU7L9VXzMkle,The Scientist,0.0243,146.448,0.212
0.0403,0.836,0.544,40,0.0,7,1,0.0824,-5.975,1,76cy1WJvNGJTj78UqeA5zr,IDGAF,0.0943,97.028,0.51
0.156,0.774,0.765,45,0.0,4,1,0.0373,-5.439,0,76hfruVvmfQbw0eYn1nmeC,Cake By The Ocean,0.0502,119.001,0.917
0.0233,0.671,0.829,126,1.93e-05,11,1,0.18,-6.849,0,78MsM9PxvH52tnju9gubka,T5,0.249,118.044,0.3
0.255,0.713,0.738,106,0.0,10,1,0.106,-6.784,1,79esEXlqqmq0GPz0xQSZTV,Lost In Japan,0.374,105.027,0.425
0.603,0.614,0.735,200,1.09e-06,7,1,0.124,-2.719,1,7B2LSJH15j1DpgLU8BqYMc,Can I Call You Mine,0.0329,104.032,0.552
0.321,0.333,0.596,44,0.0,7,0,0.236,-8.161,0,7b7xiKdhuf7giMGYIpwNPh,Just Friends,0.215,75.134,0.22
0.414,0.748,0.524,1,0.0,8,1,0.111,-5.599,1,7BKLCZ1jbUBVqRi2FVlTVw,Closer,0.0338,95.01,0.661
0.676,0.768,0.414,37,0.0117,7,0,0.112,-11.278,0,7bNyrylSsQt55Fy4zyGn3y,Purple Balenciagas,0.0405,115.002,0.0585
0.0151,0.637,0.843,26,0.0,5,1,0.0876,-5.413,1,7BqBn9nzAq8spo5e7cZ0dJ,Just the Way You Are,0.0432,109.012,0.434
0.354,0.68,0.563,119,0.0,10,1,0.136,-5.843,1,7dt6x5M1jzdTEt8oCbisTK,Better Now,0.0454,145.028,0.374
0.037,0.791,0.862,91,2.19e-05,9,1,0.0814,-3.24,0,7ef4DlsgrMEH11cDZd32M6,One Kiss (with Dua Lipa),0.11,123.994,0.592
0.207,0.683,0.53,78,0.0,5,1,0.394,-4.918,0,7F9vK8hNFMml4GtHsaXui6,Back to You (feat. Bebe Rexha & Digital Farm Animals),0.142,75.016,0.645
0.568,0.851,0.541,10,0.0,0,1,0.13,-6.825,1,7fa9MBXhVfQ8P8Df9OEbD8,Girls Like You (feat. Cardi B),0.0505,124.959,0.448
0.0237,0.705,0.64,67,0.0,11,1,0.262,-6.928,0,7gvd8xj4QgPqbQSsn5pV7d,Sorry Not Sorry,0.225,144.077,0.887
0.101,0.738,0.794,66,0.0,11,1,0.0533,-4.118,0,7jEyX4bqaCSdMN4D4JNnVj,Mama,0.0416,104.014,0.566
0.38,0.866,0.813,31,0.0,11,1,0.0779,-4.063,0,7JJmb5XwzOO8jgpou264Ml,There's Nothing Holdin' Me Back,0.0554,121.998,0.969
0.731,0.602,0.377,215,0.0,11,1,0.0808,-6.213,1,7kF3x1XJXGcgQWFemulw4q,This City,0.0446,73.877,0.518
0.0209,0.509,0.689,165,0.0,1,1,0.301,-4.929,0,7KhHA3mzt7A3LFlOJEAKpI,On My Way,0.102,170.087,0.297
6.98e-06,0.289,0.983,12,0.000445,2,0,0.278,-4.589,1,7KKlC664xSI3m453ZFuvLQ,Nuevo Orden,0.112,93.993,0.132
0.104,0.529,0.607,101,0.0,6,1,0.0631,-6.781,1,7krbSH3rd8lhIZvuzTV3Bl,Naked,0.0574,101.966,0.238
0.366,0.285,0.322,140,0.651,6,1,0.107,-16.58,0,7kriFJLY2KOhw5en9iI2jb,Echoes,0.044,134.042,0.142
0.141,0.678,0.588,47,6.35e-06,7,1,0.137,-7.015,1,7MXVkk9YMctZqd1Srtv4MB,Starboy,0.276,186.005,0.486
0.00906,0.775,0.68,115,0.0,0,1,0.109,-5.508,0,7oGZAicScQt96OAW4AruYy,Want to Want Me,0.0629,114.025,0.656
0.458,0.651,0.693,169,0.0,4,1,0.335,-4.722,1,7pWK1kMgHy5lNNiIfuRbkP,Used To Love (with Dean Lewis),0.0375,118.97,0.392
0.751,0.501,0.405,145,0.0,1,1,0.105,-5.679,1,7qEHsqek33rTcFNT9PFqLf,Someone You Loved,0.0319,109.891,0.446
0.581,0.825,0.652,0,0.0,1,1,0.0931,-3.183,0,7qiZfU4dY1lWllzX7mPBI3,Shape of You,0.0802,95.977,0.931
0.0814,0.446,0.8,75,0.0,0,1,0.199,-5.404,1,7qvxFz3JodM0A7xEM7k3YD,Chained To The Rhythm,0.174,189.89,0.474
0.0214,0.627,0.778,172,0.0,5,1,0.126,-4.317,1,7thOGpKaWpPotq2U37UItx,Fade Away,0.0409,127.977,0.366
0.166,0.782,0.685,55,1.18e-05,4,1,0.16,-6.237,1,7vFoFDWqTX0mHzLfrF1Cfy,Cheerleader - Felix Jaehn Remix Radio Edit,0.0309,118.016,0.603
0.256,0.52,0.761,87,4.96e-06,4,1,0.17,-3.093,1,7vGuf3Y35N4wmASOKLUVVU,Silence,0.0853,141.971,0.286
0.065,0.727,0.583,6,0.0,7,0,0.106,-7.385,0,7vJS1DPc3FzBtqBs8n3mW5,Bad To You (with Normani & Nicki Minaj),0.0718,147.983,0.629
0.175,0.709,0.723,185,0.851,8,1,0.0535,-6.086,1,7wdYb60ksflUhqa3dpWwY1,Lost in Las Vegas,0.0281,119.994,0.216
0.304,0.509,0.671,23,0.0,1,1,0.0452,-5.709,1,7x5xYW5W42OGPAdHUyyguy,Locked Away,0.0678,118.413,0.55
